Identifier,MIRU02,MIRU04_ETRD,MIRU10,MIRU16,MIRU20,MIRU23,MIRU24,MIRU26,MIRU27_QUBS,MIRU31_ETRE,MIRU39,MIRU40,Mtub04,ETRC,Mtub21,QUB_11b,ETRA,Mtub29,Mtub30,ETRB,Mtub34,Mtub39,QUB_4156,QUB26
10264/03,2,1,5,1,2,5,1,1,3,3,2,2,4,4,2,2,3,4,4,2,3,3,3,6
H37Rv,2,2,3,2,2,6,1,3,3,3,2,1,2,4,2,5,3,4,2,3,3,5,2,5
95/575,2,4,5,3,2,6,2,2,3,5,3,3,2,5,6,3,6,3,1,2,3,4,1,6
95/1020,2,4,4,3,2,6,2,2,3,6,3,3,2,4,8,3,6,3,1,2,3,4,1,6
95/1565,2,5,5,3,2,6,2,2,1,5,3,3,2,4,7,3,5,3,1,4,3,4,1,6
96/1254,2,8,4,3,2,6,2,2,3,5,3,2,2,4,6,3,6,3,1,4,3,5,1,6
97/2437,2,5,4,3,2,6,2,2,1,3,3,3,2,4,6,3,6,3,1,4,3,4,1,5
97/3143,2,4,4,3,2,6,2,2,3,4,3,3,2,4,6,3,6,3,1,2,3,6,1,6
97/3499,2,4,4,3,2,6,2,2,3,5,3,3,2,4,6,2,6,3,1,4,3,4,1,7
99/1402,2,0,4,3,2,6,2,2,3,5,3,3,2,4,6,3,8,3,1,2,3,8,1,6
02/2093,2,10,4,3,2,6,2,2,3,5,3,3,2,4,4,3,6,3,1,4,3,4,1,6